--
-- Тестовые данные таблицы `bookings`
--

INSERT INTO `bookings` (`id`, `resource_id`, `user_id`, `start_time`, `end_time`, `purpose`, `status`, `created_at`) VALUES
(1, 2, 1, '2026-07-20 10:00:00', '2026-07-20 12:00:00', 'Совещание отдела', 'active', '2026-07-02 12:50:36'),
(2, 2, 1, '2026-07-20 12:00:00', '2026-07-20 14:00:00', 'Новая встреча', 'active', '2026-07-02 12:56:03'),
(3, 4, 2, '2026-07-19 10:00:00', '2026-07-19 12:00:00', 'Совещание отдела', 'cancelled', '2026-07-02 14:12:48'),
(4, 2, 2, '2026-07-19 13:00:00', '2026-07-19 15:00:00', 'Собрание', 'cancelled', '2026-07-02 14:12:48'),
(5, 4, 2, '2026-07-21 10:00:00', '2026-07-21 12:00:00', 'Совещание отдела', 'active', '2026-07-02 14:54:14'),
(6, 4, 2, '2026-07-13 10:00:00', '2026-07-13 12:00:00', 'Совещание отдела', 'active', '2026-07-03 11:43:57');

-- --------------------------------------------------------

--
-- Тестовые данные таблицы `resources`
--

INSERT INTO `resources` (`id`, `name`, `description`, `type`, `responsible_user_id`, `status`) VALUES
(2, 'Конференц-зал №1', 'Большой зал на 20 человек', 'room', 1, 'active'),
(4, 'Конференц-зал A', 'Большой зал на 20 человек', 'room', 1, 'active'),
(5, 'Конференц-зал №2', 'Большой зал на 20 человек', 'room', 1, 'inactive'),
(6, 'Ноутбук', 'Рабочий компьютер для сотрудника', 'equipment', 2, 'active');

-- --------------------------------------------------------

--
-- Тестовые данные таблицы `users`
--

INSERT INTO `users` (`id`, `full_name`, `email`, `password_hash`, `role`, `created_at`) VALUES
(1, 'Администратор', 'admin@example.com', '$2b$10$a.6yHmElSQW7LenGA/MzXe1kLXxRv.9WrOSgoNKlog9NwTrjbPrPm', 'admin', '2026-06-29 13:12:31'),
(2, 'Иван Иванов', 'user@example.com', '$2b$10$Q3DRQbd.bi861sJSefqe.OZLv.alk0o7H3iPemfPONtpx0AbXeEpe', 'user', '2026-06-30 14:31:01');
